ประเภท,รายการ,จำนวนโครงการ
กลุ่มอาชีพ,การประกอบและบริการอาหาร,8
กลุ่มอาชีพ,การประดิษฐ์,6
กลุ่มอาชีพ,การตลาด,6
กลุ่มอาชีพ,หัตถศิลป์,4
กลุ่มอาชีพ,แปรรูปอาหาร,4
กลุ่มอาชีพ,การเงินและบัญชี,4
กลุ่มอาชีพ,เสริมสวยและความงาม,3
กลุ่มอาชีพ,เกษตรผสมผสาน,3
กลุ่มอาชีพ,อัญมณี เครื่องประดับ และโลหะมีค่า,2
กลุ่มอาชีพ,0000,2
กลุ่มอาชีพ,เทคโนโลยีผลิตภัณฑ์อาหาร,2
กลุ่มอาชีพ,พลังงาน ไฟฟ้า และอิเล็กทรอนิกส์,2
กลุ่มอาชีพ,การท่องเที่ยว,2
กลุ่มอาชีพ,อื่นๆ (ไม่ตรงกับกลุ่มอาชีพมาตรฐาน),2
กลุ่มอาชีพ,การจัดการ,2
กลุ่มอาชีพ,สิ่งทอและเครื่องนุ่งห่ม,2
กลุ่มอาชีพ,บริการและเสริมสร้างสุขภาพ,2
กลุ่มอาชีพ,ศิลปะและการออกแบบ,2
กลุ่มอาชีพ,แฟชั่น,1
กลุ่มอาชีพ,ซอฟต์แวร์และการประยุกต์,1
กลุ่มอาชีพ,อื่นๆ (ตามบริบทของสถานศึกษาดำเนินการ ที่มีความหลากหลายแตกต่าง ของ 34 โรงเรียน),1
กลุ่มอาชีพ,(ข้อมูลรหัสเสียหาย),1
กลุ่มอาชีพ,อื่นๆ (เด็กและเยาวชนทั่วไปทุกกลุ่มอาชีพ),1
กลุ่มอาชีพ,อื่นๆ (อาชีพอิสระตามความสนใจของนักเรียน เช่น การทำผลิตภัณฑ์ทำความสะอาด  นักชงกาแฟ  ค้าขาย เป็นต้น),1
กลุ่มอาชีพ,เครื่องกลและยานยนต์,1
กลุ่มอาชีพ,ธุรกิจดิจิทัลและพาณิชย์อิเล็กทรอนิกส์,1
กลุ่มอาชีพ,การโรงแรม,1
กลุ่มอาชีพ,การผลิตพืช,1
รูปแบบการเรียนรู้,อบรมระยะสั้น,11
รูปแบบการเรียนรู้,หลักสูตรในระบบ,5
รูปแบบการเรียนรู้,ฝึกในสถานประกอบการ (Work-based),2
รูปแบบการเรียนรู้,ทวิภาคี/ทวิศึกษา,2
รูปแบบการเรียนรู้,อื่นๆ (ฝึกอบรมในสถาบันพัฒนาฝีมือแรงงาน ฯ จำนวน 280 ชั่วโมง และ ฝึกในสถานประกอบการ จำนวน 140 ชั่วโมง),1
รูปแบบการเรียนรู้,อื่นๆ (สอดแทรกใน กลุ่มสาระการงานอาชีพ และกิจกรรมต่างๆที่ สพฐ ดำเนินการเช่น ศิลปหัตถกรรม ทุนแลกงาน เป็นต้น),1
รูปแบบการเรียนรู้,อื่นๆ (สถานการณ์จริง),1
รูปแบบการเรียนรู้,อื่นๆ (การจัดกิจกรรมในสถานศึกษา),1
รูปแบบการเรียนรู้,อื่นๆ ((1)  Inspiration Talks เชิญผู้ประกอบการอาชีพ/ผู้เชี่ยวชาญ/ผู้ที่ประสบความสำเร็จ ในสายอาชีพต่างๆ มาพูดคุยแบ่งปันประสบการณ์เกี่ยวกับอาชีพนั้นๆ  (2) ให้บริการวัดบุคลิกภาพเพื่อการศึกษาต่อและการเลือกอาชีพ หรือบริการทดสอบทักษะต่าง ๆ เช่น ทดสอบความถนัดทางอาชีพ ทดสอบภาษาอังกฤษ  (3)  บรรยาย/อภิปราย/เสวนา เพื่อให้ข้อมูลและความรู้ด้านอาชีพที่ทันสมัยและเหมาะสมกับกลุ่มเป้าหมายในแต่ละระดับชั้นการศึกษา เพื่อเป็นแนวทางในการเลือกศึกษาต่อหรือเลือกประกอบอาชีพ (4)  จัดทำบันทึกการวางแผนอาชีพ (Career Planning) ผ่านระบบออนไลน์  เพื่อการวางแผนอาชีพส่วนบุคคล โดยการบันทึกข้อมูลส่วนตัว ข้อมูลการศึกษา เป้าหมายการศึกษา และการประกอบอาชีพ พร้อมทั้งประสบการณ์ฝึกงาน/ทำงาน ความสามารถทางภาษา และข้อมูลอื่น ๆ ที่เกี่ยวข้องเพื่อใช้เป็นข้อมูลในการค้นหาและพัฒนาตนเองให้สามารถประกอบอาชีพได้ตามเป้าหมายที่วางแผนไว้ 	(5)  จัดกิจกรรมสาธิตอาชีพอิสระที่อยู่ในความสนใจของกลุ่มเป้าหมายและเป็นที่ต้องการของตลาด เพื่อให้ทราบถึงขั้นตอน วิธีการทำ และได้ทดลองปฏิบัติอาชีพ รวมทั้งเผยแพร่ เอกสารข้อมูลความรู้ต่าง ๆ เช่น ข้อมูลด้านอาชีพและการศึกษา ข้อมูลข่าวสารตลาดแรงงาน แหล่งฝึกอาชีพแหล่งฝึกอบรม/ พัฒนาทักษะ เพื่อเป็นแนวทางในการเลือกศึกษาต่อ/ประกอบอาชีพ 	(6)  สวมบทบาทอาชีพ (Career Roleplay) 	(7)  เกมบัตรคำค้นหาตัวตนสู่อาชีพ (8)  จัดกิจกรรมอื่น ๆ ตามความเหมาะสม เช่น กิจกรรมการแข่งขันตอบปัญหาอาชีพ การจัดนิทรรศการอาชีพ การฉายวีดิทัศน์อาชีพ การเชิญผู้ประสบความสำเร็จในอาชีพมาแลกเปลี่ยนประสบการณ์ หรือเชิญหน่วยงานต่าง ๆ มานำเสนอข้อมูลการเข้าสู่อาชีพ ฯลฯ (9)  กิจกรรมการเรียนรู้อาชีพผ่านโลกเสมือนจริง),1
รูปแบบการเรียนรู้,อื่นๆ (ฝึกปฏิบัติโดยครูที่ปรึกษาทักษะอาชีพดูแลนอกตารางเวลาเรียน),1
ระดับการศึกษา,มัธยมศึกษาตอนปลาย,10
ระดับการศึกษา,มัธยมศึกษาตอนต้น,9
ระดับการศึกษา,เยาวชน/ประชาชนทั่วไป,6
ระดับการศึกษา,ปวส. (ประกาศนียบัตรวิชาชีพชั้นสูง),5
ระดับการศึกษา,ประถมศึกษา,5
ระดับการศึกษา,ปวช. (ประกาศนียบัตรวิชาชีพ),4
ระดับการศึกษา,ปริญญาตรี,2
ระดับการศึกษา,อนุปริญญา,1
ระดับการศึกษา,อื่นๆ (เตรียมความพร้อม),1
ระดับการศึกษา,ประกาศนียบัตร/หลักสูตรระยะสั้น,1
ระดับการศึกษา,2026-11-12 00:00:00,1
ช่วงอายุ,15-17 ปี,13
ช่วงอายุ,18-24 ปี,11
ช่วงอายุ,ต่ำกว่า 15 ปี,10
ช่วงอายุ,45-59 ปี,8
ช่วงอายุ,25-34 ปี,8
ช่วงอายุ,35-44 ปี,6
ช่วงอายุ,60 ปีขึ้นไป,5
กลุ่มเป้าหมายเฉพาะ,ประชาชนทั่วไป,8
กลุ่มเป้าหมายเฉพาะ,ผู้เรียนที่มีความต้องการพิเศษ,7
กลุ่มเป้าหมายเฉพาะ,กลุ่มชาติพันธุ์/บนพื้นที่สูง,5
กลุ่มเป้าหมายเฉพาะ,ผู้ว่างงาน,3
กลุ่มเป้าหมายเฉพาะ,ผู้สูงอายุ,1
กลุ่มเป้าหมายเฉพาะ,อื่นๆ (นักเรียนที่ไม่ได้เรียนต่อหลังจบการศึกษาภาคบังคับและผู้ที่สนใจ ที่มีอายุระหว่าง 15 -25 ปี),1
กลุ่มเป้าหมายเฉพาะ,อื่นๆ (แรงงานในสถานประกอบการ แรงงานผู้ประกอบอาชีพอิสระ แรงงานใหม่ ผู้ว่างงาน),1
กลุ่มเป้าหมายเฉพาะ,อื่นๆ (ผู้ปกครอง),1
กลุ่มเป้าหมายเฉพาะ,อื่นๆ (นักเรียน นักศึกษา),1
กลุ่มเป้าหมายเฉพาะ,อื่นๆ (นักเรียนระดับชั้นประถมศึกษา โรงเรียนสาธิตมหาวิทยาลัยราชภัฏเชียงใหม่),1
กลุ่มเป้าหมายเฉพาะ,อื่นๆ (นักเรียนระดับชั้นประถมศึกษาปีที่ 4- มัธยมศึกษาปีที่ 6),1
กลุ่มเป้าหมายเฉพาะ,อื่นๆ (บ่มเพาะกลุ่มธุรกิจ ให้มีศักยภาพและเพิ่มขีดความสามารถเป็นผู้ประกอบการใหม่ การหารายได้ระหว่างเรียนให้กับนักเรียนที่สนใจในการประกอบธุรกิจ),1
กลุ่มเป้าหมายเฉพาะ,อื่นๆ (นักเรียนนักศึกษาที่สนใจการประกอบธุรกิจ),1
กลุ่มเป้าหมายเฉพาะ,ผู้ด้อยโอกาส,1
แหล่งที่มาโครงการ,นโยบายหน่วยงาน,14
แหล่งที่มาโครงการ,นโยบายกระทรวงศึกษาธิการ,11
แหล่งที่มาโครงการ,ความต้องการของผู้เรียน,6
แหล่งที่มาโครงการ,ความร่วมมือกับภาคี,5
แหล่งที่มาโครงการ,แผนพัฒนาการศึกษา,4
แหล่งที่มาโครงการ,ความต้องการของพื้นที่,4
แหล่งที่มาโครงการ,ความต้องการของสถานประกอบการ,4
แหล่งที่มาโครงการ,อื่นๆ (กลุ่มจังหวัดภาคเหนือตอนบน 1 ได้จัดสรรงบประมาณโครงการตามแผนปฏิบัติราชการประจำปีของกลุ่มจังหวัดภาคเหนือตอนบน 1 ประจำปีงบประมาณ พ.ศ. 2569 ให้กับสำนักงานการท่องเที่ยวและกีฬาจังหวัดเชียงใหม่),2
แหล่งที่มาโครงการ,อื่นๆ (งบประมาณจากกระทรวง),1
ผลลัพธ์,มีรายได้จากทักษะ,12
ผลลัพธ์,เริ่มต้นธุรกิจ,7
ผลลัพธ์,ศึกษาต่อ/พัฒนาทักษะ,7
ผลลัพธ์,ได้รับ Certificate/คุณวุฒิ,5
ผลลัพธ์,มีรายได้ต่อเนื่อง,4
ผลลัพธ์,เกิดผลิตภัณฑ์/บริการ,3
ความต้องการสนับสนุน,งบประมาณ,12
ความต้องการสนับสนุน,ตลาด,11
ความต้องการสนับสนุน,อุปกรณ์,11
ความต้องการสนับสนุน,บุคลากร,9
ความต้องการสนับสนุน,ระบบติดตามผล,5
ความต้องการสนับสนุน,ข้อมูล/ฐานข้อมูล,5
ความต้องการสนับสนุน,สถานประกอบการ,4
ความต้องการสนับสนุน,หลักสูตร,4
ความต้องการสนับสนุน,การรับรองสมรรถนะ,3
สิ่งที่พร้อมสนับสนุน,สถานที่/แหล่งเรียนรู้,9
สิ่งที่พร้อมสนับสนุน,หลักสูตร/องค์ความรู้,9
สิ่งที่พร้อมสนับสนุน,ข้อมูล/ฐานข้อมูล,7
สิ่งที่พร้อมสนับสนุน,วิทยากร/ผู้เชี่ยวชาญ,7
สิ่งที่พร้อมสนับสนุน,ฝึกงาน/ฝึกประสบการณ์,6
สิ่งที่พร้อมสนับสนุน,งบประมาณ,4
สิ่งที่พร้อมสนับสนุน,อุปกรณ์/ทรัพยากร,4
สิ่งที่พร้อมสนับสนุน,เชื่อมโยงสถานประกอบการ,4
สิ่งที่พร้อมสนับสนุน,ตลาด/ช่องทางจำหน่าย,4
สิ่งที่พร้อมสนับสนุน,การจ้างงาน,3
สิ่งที่พร้อมสนับสนุน,ติดตามและประเมินผล,2
สิ่งที่พร้อมสนับสนุน,อื่นๆ (จัดแสดงสินค้าและประชาสัมพันธ์),1
สิ่งที่พร้อมสนับสนุน,อื่นๆ,1
สิ่งที่พร้อมสนับสนุน,การรับรองสมรรถนะ,1
บทบาทเจ้าภาพ,เจ้าภาพด้านฝึกอบรม/พัฒนาทักษะ,7
บทบาทเจ้าภาพ,เจ้าภาพด้านหลักสูตร/องค์ความรู้,4
บทบาทเจ้าภาพ,เจ้าภาพด้านการรับรองสมรรถนะ,3
บทบาทเจ้าภาพ,อื่นๆ (ให้คำแนะนำแลกเปลี่ยนการดำเนินงาน),1
บทบาทเจ้าภาพ,อื่นๆ (รับฝากประชาสัมพันธ์สินค้า),1
บทบาทเจ้าภาพ,อื่นๆ (ด้านสถานที่),1
บทบาทเจ้าภาพ,เจ้าภาพเชื่อมโยงสถานประกอบการ,1
บทบาทเจ้าภาพ,เจ้าภาพด้านตลาด/ช่องทางจำหน่าย,1
บทบาทเจ้าภาพ,เจ้าภาพด้านข้อมูล/ติดตามผล,1
บทบาทเจ้าภาพ,อื่นๆ (สนับสนุนการให้ความรู้เชิงปฏิบัติการ),1