โครงการ,หน่วยงาน,รูปแบบ/แนวปฏิบัติ,จุดเด่น,นวัตกรรม,ปัจจัยสำเร็จ,การขยายผล
กิจกรรมส่งเสริมการท่องเที่ยวประเพณีท้องถิ่นวิถีชาติพันธุ์ล้านนา  ภายใต้โครงการส่งเสริมการท่องเที่ยวชาติพันธุ์สีสันแห่งล้านนา ประจำปีงบประมาณ พ.ศ. 2569,สำนักงานการท่องเที่ยวและกีฬาจังหวัดเชียงใหม่,การจัดกระบวนการเรียนรู้ทั้งภาคทฤษฎีและภาคปฏิบัติ โดยให้ผู้เข้าร่วมลงพื้นที่ชุมชนจริง เพื่อเรียนรู้และฝึกทักษะการถ่ายทอดเรื่องราวประเพณี วัฒนธรรม และวิถีชาติพันธุ์ล้านนา สามารถนำไปประยุกต์ใช้ในการส่งเสริมการท่องเที่ยวและสร้างมูลค่าเพิ่มให้แก่ชุมชนได้อย่างยั่งยืน,เป็นการพัฒนาศักยภาพผู้เข้าร่วมกิจกรรมผ่านการเรียนรู้จากประสบการณ์จริง โดยเชื่อมโยงองค์ความรู้ด้านประเพณี วัฒนธรรม และวิถีชีวิตชาติพันธุ์ล้านนากับแหล่งท่องเที่ยวและชุมชนในพื้นที่ ทำให้ผู้เข้าร่วมสามารถนำอัตลักษณ์และทุนทางวัฒนธรรมของชุมชนมาสื่อสารเป็นเรื่องราวการท่องเที่ยวที่มีความน่าสนใจ สร้างคุณค่าและมูลค่าเพิ่มให้แก่ชุมชน ตลอดจนสามารถนำไปประยุกต์ใช้ในการต้อนรับและสร้างประสบการณ์ที่ดีให้แก่นักท่องเที่ยวได้อย่างเหมาะสม,นำรูปแบบการเรียนรู้เชิงประสบการณ์ (Experiential Learning) มาใช้ในการพัฒนานักสื่อความหมาย โดยผสมผสานการเรียนรู้ภาคทฤษฎี การฝึกปฏิบัติ และการลงพื้นที่ชุมชนจริง เพื่อให้ผู้เข้าร่วมสามารถนำเรื่องราว อัตลักษณ์ ประเพณี และวิถีชีวิตของชุมชนมาสร้างสรรค์เป็นเนื้อหาการสื่อความหมายทางการท่องเที่ยวที่น่าสนใจและเข้าถึงนักท่องเที่ยวได้มากยิ่งขึ้น,การมีส่วนร่วมของหน่วยงานภาครัฐ ภาคเอกชน ผู้เชี่ยวชาญด้านการท่องเที่ยวและวัฒนธรรม ตลอดจนผู้นำและผู้แทนชุมชนท่องเที่ยว รวมถึงการจัดกิจกรรมที่เน้นการเรียนรู้จากพื้นที่จริง ทำให้ผู้เข้าร่วมได้รับทั้งความรู้ ทักษะ และประสบการณ์ สามารถนำไปประยุกต์ใช้ในการสื่อความหมายและส่งเสริมการท่องเที่ยวของชุมชนได้อย่างมีประสิทธิภาพ,ส่งเสริมให้ผู้ผ่านการพัฒนาเป็นเครือข่ายนักสื่อความหมายประเพณีล้านนา และนำองค์ความรู้ไปถ่ายทอดต่อให้แก่บุคลากรและคนในชุมชน รวมทั้งพัฒนาหลักสูตรหรือกิจกรรมการฝึกอบรมให้ครอบคลุมชุมชนท่องเที่ยวในพื้นที่กลุ่มจังหวัดภาคเหนือตอนบน 1 เพื่อสร้างเครือข่ายการสื่อความหมายทางวัฒนธรรมและยกระดับประสบการณ์การท่องเที่ยวอย่างต่อเนื่องและยั่งยืน
กิจกรรมส่งเสริมการท่องเที่ยวเชิงอาหาร “สำรับชาติพันธุ์ล้านนา” ภายใต้โครงการส่งเสริมการท่องเที่ยวชาติพันธุ์สีสันแห่งล้านนา ประจำปีงบประมาณ พ.ศ. 2569,สำนักงานการท่องเที่ยวและกีฬาจังหวัดเชียงใหม่,การพัฒนาองค์ความรู้ด้านอาหารชาติพันธุ์เพื่อการท่องเที่ยว โดยบูรณาการองค์ความรู้ด้านอาหาร วัฒนธรรม ภูมิปัญญาท้องถิ่น และการท่องเที่ยวเข้าด้วยกัน ผ่านการประชุมเชิงปฏิบัติการและการเรียนรู้จากประสบการณ์จริง เพื่อให้ผู้ประกอบการและผู้เกี่ยวข้องสามารถนำอัตลักษณ์อาหารชาติพันธุ์ล้านนามาพัฒนาและสร้างสรรค์เป็นสินค้าและบริการทางการท่องเที่ยวที่มีคุณค่าและมูลค่าเพิ่ม,นำอาหารและภูมิปัญญาด้านอาหารของกลุ่มชาติพันธุ์มาเป็นทุนทางวัฒนธรรมในการส่งเสริมการท่องเที่ยว สะท้อนอัตลักษณ์และวิถีชีวิตของแต่ละชุมชน พร้อมเชื่อมโยงอาหารกับเรื่องราว วัฒนธรรม และประสบการณ์ของนักท่องเที่ยว,การนำทุนทางวัฒนธรรมด้านอาหารชาติพันธุ์มาพัฒนาเป็นประสบการณ์การท่องเที่ยวเชิงอาหาร (Gastronomy Tourism) โดยผสมผสานองค์ความรู้ดั้งเดิมกับแนวคิดการสร้างสรรค์และเพิ่มมูลค่าอาหาร เพื่อให้สามารถพัฒนาเป็นเมนู สินค้า และกิจกรรมการท่องเที่ยวที่มีอัตลักษณ์และตอบสนองความต้องการของนักท่องเที่ยวคุณภาพ,การมีส่วนร่วมของผู้ประกอบการ ผู้รู้ด้านอาหาร ตัวแทนชุมชน และหน่วยงานที่เกี่ยวข้อง รวมถึงการนำองค์ความรู้และภูมิปัญญาท้องถิ่นมาประยุกต์ใช้ร่วมกับแนวคิดด้านการตลาดและการท่องเที่ยว ทำให้เกิดการแลกเปลี่ยนเรียนรู้และสามารถนำไปต่อยอดในเชิงธุรกิจได้,ส่งเสริมการรวบรวมและพัฒนาองค์ความรู้อาหารชาติพันธุ์ล้านนาให้เป็นฐานข้อมูลและองค์ความรู้ด้านการท่องเที่ยวเชิงอาหาร พัฒนาต่อยอดเป็นเมนูและกิจกรรมการท่องเที่ยว รวมทั้งสร้างเครือข่ายผู้ประกอบการและชุมชน เพื่อขยายผลไปยังพื้นที่ต่าง ๆ ในกลุ่มจังหวัดภาคเหนือตอนบน 1 และเชื่อมโยงกับเส้นทางท่องเที่ยวเชิงอาหารในระดับจังหวัดและระดับภูมิภาค
โครงการ 3 ม. มีงาน มีเงิน มีวุฒ,วิทยาลัยเทคโนโลยีพาณิชยการลานนา,"## รูปแบบ/แนวปฏิบัติที่ดี

วิทยาลัยเทคโนโลยีพาณิชยการลานนา (L.C.C.) ดำเนินโครงการ 3 ม. **“มีงาน มีเงิน มีวุฒิ”** โดยใช้รูปแบบการดูแลผู้เรียนแบบองค์รวม เน้นการป้องกันปัญหา การค้นหาผู้เรียนกลุ่มเสี่ยง การช่วยเหลืออย่างตรงจุด และการติดตามผลอย่างต่อเนื่อง เพื่อให้ผู้เรียนทุกคนได้รับโอกาสในการเรียนจนสำเร็จการศึกษาและสามารถก้าวเข้าสู่การประกอบอาชีพได้อย่างมั่นคง โดยมีแนวปฏิบัติที่ดี ดังนี้

### 1. คัดกรองและจัดกลุ่มผู้เรียนเป็นรายบุคคล

ดำเนินการสำรวจและรวบรวมข้อมูลผู้เรียนตั้งแต่เริ่มเข้าศึกษา ทั้งด้านการเรียน การเข้าเรียน พฤติกรรม ความพร้อมทางเศรษฐกิจ และความสนใจด้านอาชีพ เพื่อค้นหาผู้เรียนที่ต้องได้รับการดูแลเป็นพิเศษ และจัดทำข้อมูลเพื่อใช้ในการวางแผนช่วยเหลืออย่างเหมาะสม

### 2. ใช้ระบบครูที่ปรึกษาเป็นกลไกหลัก

ครูที่ปรึกษาติดตามผู้เรียนอย่างใกล้ชิด ทั้งด้านการเรียน การมาเรียน ผลการเรียน และปัญหาส่วนตัว พร้อมให้คำปรึกษาและประสานผู้เกี่ยวข้องเมื่อพบปัญหา โดยเน้นการช่วยเหลือก่อนที่ปัญหาจะรุนแรงจนส่งผลต่อการออกกลางคัน

### 3. เชื่อมโยงการเรียนกับการมีงานทำ

ส่งเสริมให้ผู้เรียนเห็นความเชื่อมโยงระหว่างสาขาวิชาที่เรียนกับอาชีพในอนาคต โดยจัดกิจกรรมแนะแนวอาชีพ การฝึกประสบการณ์วิชาชีพ การศึกษาดูงาน การพบปะสถานประกอบการ และการจับคู่ผู้เรียนกับแหล่งงานที่เหมาะสมกับทักษะและความสนใจ

### 4. ส่งเสริมการสร้างรายได้ระหว่างเรียน

เปิดโอกาสให้ผู้เรียนนำทักษะวิชาชีพมาสร้างรายได้ เช่น การจำหน่ายสินค้า การให้บริการตามทักษะของสาขาวิชา การประกอบอาชีพเสริม และการค้าขายผ่านช่องทางออนไลน์ พร้อมส่งเสริมความรู้ด้านการออมและการบริหารจัดการรายได้

### 5. ช่วยเหลือผู้เรียนที่มีข้อจำกัดด้านเศรษฐกิจ

จัดระบบการดูแลและประสานความช่วยเหลือสำหรับผู้เรียนที่ประสบปัญหาด้านค่าใช้จ่ายหรือขาดแคลนทุนทรัพย์ โดยประสานผู้ปกครอง หน่วยงานภายใน สถานประกอบการ และแหล่งทุนที่เกี่ยวข้อง เพื่อให้ผู้เรียนสามารถเรียนต่อได้อย่างต่อเนื่อง

### 6. ติดตามผู้เรียนกลุ่มเสี่ยงอย่างเป็นระบบ

จัดทำระบบติดตามผู้เรียนที่มีปัญหาการขาดเรียน ผลการเรียนต่ำ หรือมีแนวโน้มออกกลางคัน โดยกำหนดผู้รับผิดชอบและแนวทางติดตามที่ชัดเจน มีการบันทึกผลการช่วยเหลือ และติดตามความก้าวหน้าเป็นระยะ

### 7. สร้างเครือข่ายความร่วมมือ

สร้างความร่วมมือระหว่างวิทยาลัย ผู้ปกครอง สถานประกอบการ ศิษย์เก่า และหน่วยงานที่เกี่ยวข้อง เพื่อร่วมกันสนับสนุนผู้เรียนทั้งด้านการศึกษา การฝึกงาน การมีงานทำ การสร้างรายได้ และการพัฒนาทักษะอาชีพ

### 8. ใช้ข้อมูลเพื่อพัฒนาการดำเนินงาน

นำข้อมูลการเข้าเรียน ผลการเรียน การสำเร็จการศึกษา การมีงานทำ และการสร้างรายได้ของผู้เรียนมาวิเคราะห์ เพื่อประเมินผลและปรับปรุงแนวทางการดำเนินโครงการให้เหมาะสมกับสถานการณ์และความต้องการของผู้เรียน

### 9. ติดตามผลหลังสำเร็จการศึกษา

ติดตามข้อมูลผู้สำเร็จการศึกษาในด้านการมีงานทำ การศึกษาต่อ และการประกอบอาชีพ เพื่อนำข้อมูลมาพัฒนาการจัดการเรียนการสอนและการส่งเสริมอาชีพให้สอดคล้องกับความต้องการของตลาดแรงงาน

### รูปแบบการดำเนินงานโดยสรุป

**ค้นหา → คัดกรอง → วางแผนช่วยเหลือ → พัฒนาทักษะ → มีงาน → มีรายได้ → ติดตาม → สำเร็จการศึกษา → ต่อยอดสู่อนาคต**

แนวปฏิบัติที่ดีของโครงการจึงเป็นการดูแลผู้เรียนแบบ **“รายบุคคล ต่อเนื่อง และครบวงจร”** โดยไม่มุ่งเพียงให้ผู้เรียนสำเร็จการศึกษาเท่านั้น แต่ต้องสามารถนำความรู้และทักษะไปใช้ในการประกอบอาชีพ สร้างรายได้ และดำรงชีวิตได้อย่างมีคุณภาพ สอดคล้องกับเป้าหมายของโครงการ **“3 ม. มีงาน มีเงิน มีวุฒิ”**","## จุดเด่นของโครงการ

1. **ดูแลผู้เรียนแบบครบวงจร**
   ครอบคลุมตั้งแต่การเรียน การพัฒนาทักษะวิชาชีพ การมีงานทำ การสร้างรายได้ จนถึงการสำเร็จการศึกษา โดยมุ่งให้ผู้เรียนได้รับการดูแลอย่างต่อเนื่อง

2. **เน้นผู้เรียนเป็นรายบุคคล**
   มีการคัดกรองและติดตามผู้เรียนเป็นรายบุคคล โดยเฉพาะผู้เรียนที่มีความเสี่ยงด้านการเรียน การขาดเรียน ปัญหาด้านเศรษฐกิจ หรือมีแนวโน้มออกกลางคัน เพื่อให้ได้รับการช่วยเหลืออย่างตรงจุด

3. **เชื่อมโยง “การเรียน” กับ “การมีงานทำ”**
   ส่งเสริมให้ผู้เรียนเห็นเส้นทางจากห้องเรียนสู่การประกอบอาชีพ ผ่านการฝึกทักษะ การฝึกประสบการณ์วิชาชีพ การแนะแนวอาชีพ และการสร้างเครือข่ายกับสถานประกอบการ

4. **ส่งเสริมการมีรายได้ระหว่างเรียน**
   เปิดโอกาสให้ผู้เรียนนำความรู้และทักษะวิชาชีพมาสร้างรายได้จริง ทั้งการทำงาน การประกอบอาชีพเสริม การจำหน่ายสินค้า และการประกอบธุรกิจออนไลน์

5. **ลดความเสี่ยงการออกกลางคัน**
   ใช้ระบบครูที่ปรึกษาและการติดตามผู้เรียนอย่างใกล้ชิด พร้อมประสานผู้ปกครองและผู้เกี่ยวข้องเพื่อแก้ไขปัญหาอย่างรวดเร็ว ก่อนที่ผู้เรียนจะหลุดออกจากระบบการศึกษา

6. **สร้างเครือข่ายความร่วมมือ**
   บูรณาการความร่วมมือระหว่างผู้บริหาร ครู บุคลากร ผู้ปกครอง สถานประกอบการ ศิษย์เก่า และหน่วยงานที่เกี่ยวข้อง เพื่อร่วมกันสร้างโอกาสให้แก่ผู้เรียน

7. **มีเป้าหมายที่ชัดเจนและวัดผลได้**
   มุ่งสู่ผลลัพธ์สำคัญ 3 ประการ คือ **“มีงาน มีเงิน มีวุฒิ”** สามารถติดตามผลจากการมีงานทำ การมีรายได้ การคงอยู่ในระบบ และการสำเร็จการศึกษาของผู้เรียน

8. **เป็นแนวทางที่นำไปใช้ได้จริงและต่อเนื่อง**
   สามารถบูรณาการเข้ากับระบบดูแลช่วยเหลือผู้เรียน งานแนะแนว งานจัดหางาน การฝึกงาน","## นวัตกรรม/ความแตกต่าง

โครงการ 3 ม. **“มีงาน มีเงิน มีวุฒิ”** ของวิทยาลัยเทคโนโลยีพาณิชยการลานนา (L.C.C.) มีความโดดเด่นในการพัฒนาระบบดูแลผู้เรียนจากรูปแบบเดิมที่มุ่งเน้นเฉพาะการเรียนและการสำเร็จการศึกษา ไปสู่การดูแลผู้เรียนแบบ **“ครบวงจร”** โดยเชื่อมโยงการศึกษา ทักษะอาชีพ การมีงานทำ การสร้างรายได้ และการสำเร็จการศึกษาเข้าด้วยกันอย่างเป็นระบบ

### 1. นวัตกรรม “3 ม. เชื่อมต่ออนาคต”

กำหนดกรอบการดูแลผู้เรียนที่เข้าใจง่ายและนำไปปฏิบัติได้จริง ประกอบด้วย

**มีงาน → มีเงิน → มีวุฒิ**

โดยทั้ง 3 ด้านไม่ได้ดำเนินการแยกจากกัน แต่เชื่อมโยงเป็นเส้นทางเดียวกัน เพื่อให้ผู้เรียนสามารถเรียนไปพร้อมกับการเตรียมความพร้อมด้านอาชีพและการสร้างรายได้ จนสำเร็จการศึกษา

### 2. จาก “ป้องกันเด็กหลุด” สู่ “สร้างโอกาสให้เด็กอยู่ต่อ”

โครงการไม่ได้มุ่งเพียงติดตามผู้เรียนที่ขาดเรียนหรือมีผลการเรียนต่ำ แต่เน้นค้นหาสาเหตุของปัญหาเป็นรายบุคคล แล้วออกแบบการช่วยเหลือที่เหมาะสม เช่น ด้านการเรียน ด้านเศรษฐกิจ ด้านอาชีพ หรือด้านแรงจูงใจ เพื่อให้ผู้เรียนเห็นเหตุผลในการเรียนต่อและมองเห็นอนาคตของตนเอง

### 3. “เรียนแล้วสร้างรายได้” ใช้ทักษะวิชาชีพให้เกิดมูลค่า

ส่งเสริมให้ผู้เรียนสามารถนำความรู้จากสาขาวิชาที่เรียนไปสร้างรายได้จริงระหว่างเรียน เช่น การให้บริการตามทักษะวิชาชีพ การจำหน่ายสินค้า การทำธุรกิจออนไลน์ งานบริการ และการประกอบอาชีพเสริม ทำให้ผู้เรียนเห็นคุณค่าของวิชาชีพและสามารถนำความรู้ไปใช้ในชีวิตจริง

### 4. ระบบติดตามผู้เรียนแบบ “รู้เร็ว ช่วยเร็ว”

ใช้ข้อมูลการเข้าเรียน ผลการเรียน และพฤติกรรมของผู้เรียนเป็นสัญญาณในการค้นหาผู้เรียนกลุ่มเสี่ยง เมื่อพบปัญหาจะมีการประสานผู้เกี่ยวข้องและดำเนินการช่วยเหลืออย่างรวดเร็ว ไม่รอจนผู้เรียนออกจากระบบแล้วจึงติดตาม

### 5. เชื่อมสถานศึกษากับโลกอาชีพตั้งแต่ยังเรียน

สร้างความร่วมมือกับสถานประกอบการและเครือข่ายภายนอก เพื่อเปิดโอกาสให้ผู้เรียนได้รู้จักอาชีพจริง ฝึกประสบการณ์จริง และเตรียมความพร้อมก่อนเข้าสู่ตลาดแรงงาน ทำให้ผู้เรียนเห็นเส้นทางอาชีพของตนเองอย่างชัดเจนตั้งแต่ยังศึกษาอยู่

### 6. “ฐานข้อมูล 3 ม.” เพื่อใช้วางแผนช่วยเหลือ

จัดเก็บข้อมูลผู้เรียนตามมิติ **มีงาน – มีเงิน – มีวุฒิ** เพื่อให้ครูที่ปรึกษาและผู้รับผิดชอบสามารถมองเห็นสถานะของผู้เรียนแต่ละคน และนำข้อมูลไปใช้ในการวางแผนดูแล ช่วยเหลือ และติดตามผลอย่างเหมาะสม

### 7. วัดผลจาก “ผลลัพธ์ของผู้เรียน” ไม่ใช่เพียงจำนวนกิจกรรม

ความสำเร็จของโครงการพิจารณาจากผลลัพธ์ที่เกิดขึ้นจริงกับผู้เรียน เช่น ผู้เรียนมีงานทำ มีรายได้ มีทักษะเพิ่มขึ้น เรียนต่อเนื่อง ลดการออกกลางคัน และสำเร็จการศึกษา ซึ่งสะท้อนประสิทธิผลของโครงการได้อย่างเป็นรูปธรรม

### ความแตกต่างที่สำคัญ

**รูปแบบเดิม**
เรียน → สอบ → จบ → หางาน

**รูปแบบ 3 ม. ของ L.C.C.**
**ค้นหาและดูแล → พัฒนาทักษะ → มีงาน → มีรายได้ → เรียนต่อเนื่อง → มีวุฒิ → มีอนาคต**

ดังนั้น นวัตกรรมของโครงการจึงอยู่ที่การ **“เปลี่ยนจากการดูแลผู้เรียนเฉพาะด้านการศึกษา เป็นการสร้างเส้นทางความสำเร็จของผู้เรียนแบบครบวงจร”** โดยมีเป้าหมายให้ผู้เรียนสามารถเรียนต่อ มีอาชีพ มีรายได้ และสำเร็จการศึกษาได้อย่างมีคุณภาพ","## ปัจจัยความสำเร็จ

การดำเนินงานโครงการ 3 ม. **“มีงาน มีเงิน มีวุฒิ”** ของวิทยาลัยเทคโนโลยีพาณิชยการลานนา (L.C.C.) ให้เกิดผลอย่างเป็นรูปธรรม จำเป็นต้องอาศัยความร่วมมือและปัจจัยสนับสนุนหลายด้าน โดยมีปัจจัยความสำเร็จที่สำคัญ ดังนี้

### 1. การสนับสนุนจากผู้บริหาร

ผู้บริหารให้ความสำคัญกับการดูแลและพัฒนาผู้เรียนอย่างรอบด้าน มีนโยบายและแนวทางการดำเนินงานที่ชัดเจน สนับสนุนทรัพยากร บุคลากร งบประมาณ และเปิดโอกาสให้หน่วยงานภายในร่วมกันขับเคลื่อนโครงการอย่างต่อเนื่อง

### 2. ความร่วมมือของครูและบุคลากร

ครูที่ปรึกษา ครูผู้สอน และบุคลากรที่เกี่ยวข้องมีบทบาทสำคัญในการติดตาม ดูแล ให้คำปรึกษา และช่วยเหลือผู้เรียน โดยทำงานเชิงรุกและประสานงานร่วมกัน เพื่อให้สามารถแก้ไขปัญหาของผู้เรียนได้อย่างรวดเร็วและตรงจุด

### 3. ระบบดูแลช่วยเหลือผู้เรียนที่เข้มแข็ง

มีการคัดกรองผู้เรียน การติดตามการเข้าเรียน ผลการเรียน และพฤติกรรมอย่างต่อเนื่อง ทำให้สามารถค้นหาผู้เรียนที่มีความเสี่ยงและให้ความช่วยเหลือได้ก่อนเกิดปัญหารุนแรง โดยเน้นการดูแลเป็นรายบุคคล

### 4. การมีส่วนร่วมของผู้เรียน

ผู้เรียนมีส่วนร่วมในการกำหนดเป้าหมายของตนเอง ทั้งด้านการเรียน การพัฒนาทักษะ การประกอบอาชีพ และการสร้างรายได้ เมื่อผู้เรียนเห็นประโยชน์และมองเห็นอนาคตของตนเอง จะเกิดแรงจูงใจในการเรียนและพัฒนาตนเองอย่างต่อเนื่อง

### 5. การสนับสนุนจากผู้ปกครอง

ผู้ปกครองมีส่วนร่วมในการรับทราบปัญหา ให้คำแนะนำ และสนับสนุนผู้เรียนให้สามารถเรียนต่อจนสำเร็จการศึกษา รวมถึงร่วมมือกับวิทยาลัยในการแก้ไขปัญหาของผู้เรียนที่ต้องได้รับการดูแลเป็นพิเศษ

### 6. เครือข่ายสถานประกอบการและหน่วยงานภายนอก

การมีเครือข่ายสถานประกอบการและหน่วยงานที่เกี่ยวข้องช่วยเพิ่มโอกาสให้ผู้เรียนได้ฝึกประสบการณ์ ได้เรียนรู้จากการทำงานจริง มีช่องทางในการสมัครงาน และสามารถนำทักษะวิชาชีพไปสร้างรายได้

### 7. การจัดการเรียนรู้ที่เน้นทักษะและการปฏิบัติจริง

การจัดการเรียนการสอนที่เน้นการลงมือปฏิบัติและการประยุกต์ใช้ความรู้ในสถานการณ์จริง ช่วยให้ผู้เรียนเกิดทักษะที่สามารถนำไปใช้ประกอบอาชีพได้ และเห็นความเชื่อมโยงระหว่างสิ่งที่เรียนกับการทำงานจริง

### 8. การใช้ข้อมูลในการตัดสินใจ

การรวบรวมและวิเคราะห์ข้อมูลด้านการเข้าเรียน ผลการเรียน สถานะทางการศึกษา การมีงานทำ และการสร้างรายได้ของผู้เรียน ช่วยให้วิทยาลัยสามารถวางแผนและกำหนดมาตรการช่วยเหลือได้อย่างเหมาะสมและตรงกับสภาพปัญหา

### 9. การติดตามและประเมินผลอย่างต่อเนื่อง

มีการติดตามผลการดำเนินงานเป็นระยะ ประเมินความก้าวหน้า ปัญหา อุปสรรค และผลลัพธ์ที่เกิดขึ้นกับผู้เรียน เพื่อนำข้อมูลมาปรับปรุงวิธีการดำเนินงานให้มีประสิทธิภาพมากยิ่งขึ้น

### 10. การสร้างวัฒนธรรม “ไม่ทิ้งใครไว้ข้างหลัง”

บุคลากรทุกฝ่ายร่วมกันสร้างบรรยากาศที่ผู้เรียนรู้สึกว่าได้รับการดูแลและมีคนพร้อมให้ความช่วยเหลือ โดยมุ่งเน้นการค้นหาปัญหา การให้โอกาส และการสนับสนุนผู้เรียนจนสามารถกลับมาเรียนต่อ มีทักษะ มีงาน มีรายได้ และสำเร็จการศึกษา

### สรุปปัจจัยความสำเร็จ

**“ผู้บริหารสนับสนุน + ครูดูแลใกล้ชิด + ผู้เรียนมีส่วนร่วม + ผู้ปกครองร่วมมือ + สถานประกอบการสนับสนุน + ใช้ข้อมูลติดตาม + ประเมินผลต่อเนื่อง”**

ปัจจัยทั้งหมดนี้เป็นกลไกสำคัญที่ทำให้โครงการ 3 ม. **“มีงาน มีเงิน มีวุฒิ”** สามารถสร้างโอกาสให้ผู้เรียนของวิทยาลัยเทคโนโลยีพาณิชยการลานนาได้รับการพัฒนาอย่างรอบด้าน และนำไปสู่เป้าหมายสำคัญ คือ **“เรียนต่อ มีงานทำ มีรายได้ และสำเร็จการศึกษา”**","## แนวทางการขยายผล

วิทยาลัยเทคโนโลยีพาณิชยการลานนา (L.C.C.) มีแนวทางในการขยายผลโครงการ 3 ม. **“มีงาน มีเงิน มีวุฒิ”** เพื่อให้เกิดการพัฒนาอย่างต่อเนื่องและสามารถนำรูปแบบการดำเนินงานไปประยุกต์ใช้กับผู้เรียนทุกระดับ ทุกสาขาวิชา รวมถึงเครือข่ายสถานศึกษาและหน่วยงานที่เกี่ยวข้อง โดยมีแนวทางดังนี้

### 1. ขยายผลสู่ผู้เรียนทุกระดับและทุกสาขาวิชา

นำแนวคิด 3 ม. ไปบูรณาการกับระบบดูแลช่วยเหลือผู้เรียนของวิทยาลัย ตั้งแต่ระดับ ปวช. จนถึง ปวส. โดยให้แต่ละสาขาวิชาร่วมวางแผนพัฒนาผู้เรียนให้มีทักษะอาชีพ มีโอกาสสร้างรายได้ และสามารถสำเร็จการศึกษา

### 2. ขยายระบบติดตามผู้เรียนเป็นรายบุคคล

พัฒนาระบบข้อมูลผู้เรียนให้สามารถติดตามสถานะ **“มีงาน – มีเงิน – มีวุฒิ”** ของผู้เรียนแต่ละคนอย่างต่อเนื่อง เพื่อให้ครูที่ปรึกษาและผู้รับผิดชอบสามารถนำข้อมูลมาใช้ในการวางแผนช่วยเหลือและป้องกันการออกกลางคันได้อย่างรวดเร็ว

### 3. ขยายความร่วมมือกับสถานประกอบการ

เพิ่มจำนวนเครือข่ายสถานประกอบการทั้งในและนอกพื้นที่ เพื่อสร้างโอกาสให้ผู้เรียนได้ฝึกงาน ฝึกประสบการณ์วิชาชีพ มีงานทำระหว่างเรียน และมีช่องทางในการสมัครงานหลังสำเร็จการศึกษา

### 4. ขยายโอกาสการสร้างรายได้ของผู้เรียน

ส่งเสริมให้ผู้เรียนจากทุกสาขาวิชานำความรู้และทักษะมาพัฒนาเป็นสินค้าและบริการ รวมถึงการสร้างรายได้ผ่านช่องทางออนไลน์ การประกอบอาชีพอิสระ และการเป็นผู้ประกอบการรุ่นใหม่ โดยวิทยาลัยสนับสนุนพื้นที่และกิจกรรมสำหรับการทดลองประกอบธุรกิจ

### 5. บูรณาการเข้ากับการจัดการเรียนการสอน

นำแนวคิด **“เรียนรู้จากการปฏิบัติจริงและสร้างรายได้จากทักษะวิชาชีพ”** มาประยุกต์ใช้ในรายวิชาและกิจกรรมต่าง ๆ เพื่อให้ผู้เรียนสามารถนำความรู้จากห้องเรียนไปประยุกต์ใช้ในสถานการณ์จริง

### 6. ขยายผลสู่ผู้ปกครองและชุมชน

สร้างความเข้าใจให้ผู้ปกครองและชุมชนเห็นความสำคัญของการศึกษาและการมีทักษะอาชีพ พร้อมเปิดโอกาสให้ชุมชนเข้ามามีส่วนร่วมในการสนับสนุนผลิตภัณฑ์ บริการ และกิจกรรมสร้างรายได้ของผู้เรียน

### 7. พัฒนาครูและบุคลากรให้เป็น “โค้ช” ของผู้เรียน

ส่งเสริมให้ครูและบุคลากรมีความรู้เกี่ยวกับการให้คำปรึกษา การค้นหาผู้เรียนกลุ่มเสี่ยง การแนะแนวอาชีพ การสร้างแรงจูงใจ และการช่วยเหลือผู้เรียนเป็นรายบุคคล เพื่อให้การดำเนินงาน 3 ม. มีความต่อเนื่องและเป็นระบบ

### 8. แลกเปลี่ยนเรียนรู้และเผยแพร่แนวปฏิบัติที่ดี

จัดกิจกรรมแลกเปลี่ยนเรียนรู้ระหว่างครู สาขาวิชา และหน่วยงานที่เกี่ยวข้อง รวมทั้งจัดทำเอกสาร คู่มือ หรือสื่อประชาสัมพันธ์ เพื่อเผยแพร่รูปแบบการดำเนินงานและผลสำเร็จของโครงการให้สามารถนำไปประยุกต์ใช้ในบริบทอื่นได้

### 9. ขยายผลสู่เครือข่ายสถานศึกษา

เมื่อรูปแบบการดำเนินงานมีผลสำเร็จ สามารถถ่ายทอดองค์ความรู้และแนวทางการดำเนินงานให้แก่สถานศึกษาเครือข่าย สถานศึกษาอาชีวศึกษา และหน่วยงานด้านการศึกษา เพื่อร่วมกันพัฒนาระบบดูแลผู้เรียนและลดปัญหาการออกกลางคัน

### 10. พัฒนาและปรับปรุงอย่างต่อเนื่อง

นำผลการดำเนินงาน ปัญหา อุปสรรค และข้อเสนอแนะของผู้เรียน ครู ผู้ปกครอง และสถานประกอบการมาวิเคราะห์ เพื่อปรับปรุงรูปแบบ 3 ม. ให้เหมาะสมกับบริบทของผู้เรียนและการเปลี่ยนแปลงของตลาดแรงงาน

### เป้าหมายการขยายผล

มุ่งให้แนวคิด **“3 ม. มีงาน มีเงิน มีวุฒิ”** กลายเป็นส่วนหนึ่งของระบบดูแลและพัฒนาผู้เรียนของวิทยาลัยอย่างยั่งยืน โดยขยายจาก **“โครงการ” → “ระบบ” → “วัฒนธรรมองค์กร”** เพื่อให้ผู้เรียนทุกคนได้รับโอกาสในการพัฒนาทักษะ มีงานทำ มีรายได้ และสำเร็จการศึกษา

**“จาก 3 ม. สู่ 3 โอกาส : โอกาสมีงาน โอกาสมีรายได้ และโอกาสมีวุฒิ เพื่อสร้างอนาคตที่มั่นคงให้ผ**"
กิจกรรมหาราบได้ระหว่างเรียน,โรงเรีบนโสตศึกษาอนุสารสุนทร,รูปแบบ บูรณาการความร่วมมือ สามประสาน เชื่อมโยง 3 ภาคส่วนเข้าด้วยกัน 1 สถานศึกษาเป็นผู้คัดเลือกนักเรียน 2 สถานประกอบการ เปิดรับนักเรียนเข้าทำงาน 3 ชุมชนเครือข่ายผู้ปกครอง ร่วมสอดส่องดูแลความปลอดภัยในการเดินทางและสนับสนุน การหารายได้เสริมของเด็ก,การเปลี่ยนจากโครงการที่โรงเรียนทำเพียงลำพังให้กลายเป็นระบบนิเวศแห่งการเกื้อกูล คือมีความยั่งยืนสูง,นวัตกรรมระบบนิเวศสารประสาน ความร่วมมือที่ผสานพลังกันอย่างเป็นรูปธรรมระหว่างสถานศึกษา (ผู้บ่มเพาะ)สถานประกอบการ(ผู้ให้โจทย์และรองรับตำแหน่งงาน) และผู้ปกครองชุมชน(ผู้สนับสนุนความปลอดภัย) ทำให้เกิดห่วงโซ่แห่งความเชื่อ แห่งความยั่งยืนที่นักเรียนมีงานรองรับทันทีหลังจบหลักสูตร,"1. โรงเรียนราษฎร์พัฒนาผู้เรียนและสร้างชื่อเสียง     2. สถานประกอบการได้แรงงาน Part Time ที่มีคุณภาพและตรงสเปค
3. ผู้ปกครองชุมชนสบายใจที่เด็กมีรายได้และปลอดภัย","1. การขยายขนาดและคงที่ จากห้องเรียน สู่ทั้งสถานศึกษา ขยายผลจากนักเรียนกลุ่มนำร่อง ไปสู่นักเรียนทุกระดับชั้น
2. การขยายเครือข่ายพันธมิตรผู้ประกอบการ
- เพิ่มความหลากหลายของสายงาน ขยายความร่วมมือ MOU จากเดิมที่มีผู้ร้ายกาแฟ  ไปสู่ธุรกิจบริการประเภทอื่นๆ เช่น ร้านสะดวกซื้อ เพื่อเพิ่มทางเลือกตามความถนัดของเด็ก
- ถึงสมาคมการค้าท้องถิ่นร่วมสนับสนุน เช่นหอการค้าจังหวัด เพื่อให้เกิดแหล่งงานที่ปลอดภัยรองรับนักเรียนได้จำนวนมากขึ้น
3. ผลักดันศูนย์นโยบายที่ยั่งยืน
- ผลักดันให้วิชาทักษะงานบริการและการสื่อสารนี้กลายเป็นวิชาเลือกเสรีหรือกิจกรรมพัฒนาผู้เรียนที่มีหน่วยกิตหนองรับอย่างเป็นทางการ"
โครงการ การเป็นผู้ประกอบการหรือประกอบอาชีพอิสระ (หารายได้ระหว่างเรียน) LEARN TO EARN,วิทยาลัยการอาชีพฝาง,ฝึกปฏิบัติจริง โดยให้ นักเรียน นักศึกษา จัดตลาดนัดผู้ประกอบการ ประจำภาคเรียน,"ทำเลที่ตั้งเหมาะสมต่อการดำเนินธุรกิจ ศูนย์บ่มเพาะผู้ประกอบการตั้งอยู่ในพื้นที่ที่เอื้อต่อการค้าและการลงทุน โดยเป็นจุดที่มีการใช้เวลาว่างและรับประทานอาหาร
ของบุคลากรทางการศึกษา นักเรียน และนักศึกษา 
ซึ่งช่วยให้การดำเนินธุรกิจเป็นไปอย่างมีประสิทธิภาพ
1. ผลิตภัณฑ์และบริการที่มีเอกลักษณ์เฉพาะตัว
ศูนย์บ่มเพาะผู้ประกอบการมุ่งเน้นการพัฒนาผลิตภัณฑ์และบริการที่มีความเป็นนวัตกรรมและเอกลักษณ์เฉพาะตัว จากวัตถุดิบท้องถิ่นเพื่อตอบสนองความต้องการของตลาด
2. แหล่งจำหน่ายสินค้าภายนอกวิทยาลัย นอกจากการจำหน่ายสินค้าและให้บริการภายในวิทยาลัยแล้ว ศูนย์บ่มเพาะผู้ประกอบการยังมีช่องทางจำหน่ายสินค้าภายนอก เช่น ร้านกาแฟชินคอฟฟี่ และร้านกาแฟหน้าวัด เพื่อขยายกลุ่มลูกค้าไปยังบุคคลทั่วไปในอำเภอฝาง จังหวัดเชียงใหม่",การพัฒนาผลิตภัณฑ์ที่หลากหลาย ศูนย์บ่มเพาะผู้ประกอบการมุ่งเน้นการพัฒนาผลิตภัณฑ์ให้หลากหลายเพื่อตอบสนองความต้องการของผู้บริโภค เช่น,"ห้องปฏิบัติการอาหารเพื่อการพัฒนาผลิตภัณฑ์
ศูนย์บ่มเพาะผู้ประกอบการมีห้องปฏิบัติการอาหารเพื่อสนับสนุนการทดลองและพัฒนาผลิตภัณฑ์ให้มีคุณภาพมาตรฐาน เป็นที่ยอมรับของผู้บริโภค แต่ยังอยู่ในขั้นตอนดำเนินงานขอยื่นรับการรับรองจากสำนักงานคณะกรรมการอาหารและยา (อย.)","-พัฒนาศักยภาพผู้เรียนให้เป็นผู้ประกอบการรุ่นใหม่ โดยจัดกิจกรรมอบรมด้านการเป็นผู้ประกอบการ การจัดทำแผนธุรกิจ การตลาดดิจิทัล และการบริหารการเงิน สนับสนุนการจัดตั้งธุรกิจต้นแบบ (Startup) และส่งเสริมการเรียนรู้จากการปฏิบัติจริงผ่านศูนย์บ่มเพาะผู้ประกอบการ
-เสริมสร้างเครือข่ายความร่วมมือกับทุกภาคส่วน โดยใช้ประโยชน์จากบันทึกข้อตกลงความร่วมมือ (MOU) และพัฒนาความร่วมมือกับหน่วยงานภาครัฐ ภาคเอกชน สถานประกอบการ และเครือข่าย OTOP เพื่อสนับสนุนการพัฒนาผลิตภัณฑ์ การให้คำปรึกษา และการขยายช่องทางการตลาด"
โครงการออมสินสารพัดช่างสารพัดอาชีพ เพื่อสร้างงาน สร้างอาชีพ,วิทยาลัยสารพัดช่างเชียงใหม่,0.0,0.0,0.0,0.0,0.0
ส่งเสริมทักษะอาชีพ และการมีรายได้ระหว่างเรียน,สพป.เชียงใหม่ เขต 4,สำนักงานเขตพื้นที่การศึกษาประถมศึกษาเชียงใหม่ เขต 4 ได้กำหนดเป็นนโยบายที่ 3 จุดเน้น ข้อที่ 8 โดยกำหนดเป้าหมายที่ทำให้เกิดสมรรถนะระหว่างการปฏิบัติงานในการเสริมสร้างและพัฒนาทักษะแห่งอนาคต (Future Skills) อย่างเต็มศักยภาพ โดยเน้นการเสริมสร้างทักษะอาชีพที่จำเป็น และสนับสนุนการมีรายได้ระหว่างเรียน (Learn to Earn) ดังนี้ 1) ทักษะการทำงานร่วมกันอย่างเป็นระบบ 2) ทักษะการคิดเชิงอนาคต เชิงสร้างสรรค์ เชิงเหตุผล 3) ตระหนักเห็นความสำคัญของอาชีพ การเลือกอาชีพ การสร้างอาชีพ 4) ทักษะการใช้ทรัพยากร พลังงาน อย่างประหยัดและคุ้มค่า 5) ทักษะการพัฒนาความสามารถของตนเอง ความสนใจความถนัด ให้ดีขึ้นตามช่วงวัย 6) ทักษะสร้างผลงานอย่างมีความคิดสร้างสรรค์ (นวัตกร) 7) ทักษะการใช้เทคโนโลยีเพื่อการเรียนรู้และการปฏิบัติงาน 8) ทักษะการเป็นผู้บริโภคที่ดีและการเป็นผู้ประกอบการ 9) ฝึกฝน ความขยัน อดทน รับผิดชอบ ซื่อสัตย์ การทำงานร่วมกันอย่างมีความสุข 10) ทักษะการแปรรูปผลผลิตเพื่อการจัดจำหน่าย 11) ทักษะการทำงานเพื่อการเรียนรู้ประกอบอาชีพและการมีรายได้ 12) ทักษะการจัดการทางการเงิน การออม การลงทุน ผลประโยชน์ และจัดทำโครงการ กิจกรรมส่งเสริมการพัฒนาทักษะอาชีพ และการมีรายได้ระหว่างเรียน (Learn to Earn) ด้วยการจัดกิจกรรมสมรรถนะทักษะอาชีพเป็นฐาน การพัฒนาบทเรียนร่วมกัน (Lesson Study) และแลกเปลี่ยนเรียนรู้สู่การพัฒนาทางวิชาชีพ (PLC) เพื่อขับเคลื่อน และคัดเลือกโรงเรียนต้นแบบ ปีงบประมาณ 2569,การเสริมสร้างทักษะอาชีพที่จำเป็น และสนับสนุนการมีรายได้ระหว่างเรียน (Learn to Earn) ดังนี้ 1) ทักษะการทำงานร่วมกันอย่างเป็นระบบ 2) ทักษะการคิดเชิงอนาคต เชิงสร้างสรรค์ เชิงเหตุผล 3) ตระหนักเห็นความสำคัญของอาชีพ การเลือกอาชีพ การสร้างอาชีพ 4) ทักษะการใช้ทรัพยากร พลังงาน อย่างประหยัดและคุ้มค่า 5) ทักษะการพัฒนาความสามารถของตนเอง ความสนใจความถนัด ให้ดีขึ้นตามช่วงวัย 6) ทักษะสร้างผลงานอย่างมีความคิดสร้างสรรค์ (นวัตกร) 7) ทักษะการใช้เทคโนโลยีเพื่อการเรียนรู้และการปฏิบัติงาน 8) ทักษะการเป็นผู้บริโภคที่ดีและการเป็นผู้ประกอบการ 9) ฝึกฝน ความขยัน อดทน รับผิดชอบ ซื่อสัตย์ การทำงานร่วมกันอย่างมีความสุข 10) ทักษะการแปรรูปผลผลิตเพื่อการจัดจำหน่าย 11) ทักษะการทำงานเพื่อการเรียนรู้ประกอบอาชีพและการมีรายได้ 12) ทักษะการจัดการทางการเงิน การออม การลงทุน ผลประโยชน์,การเสริมสร้างทักษะอาชีพที่จำเป็น และสนับสนุนการมีรายได้ระหว่างเรียน (Learn to Earn) ดังนี้ 1) ทักษะการทำงานร่วมกันอย่างเป็นระบบ 2) ทักษะการคิดเชิงอนาคต เชิงสร้างสรรค์ เชิงเหตุผล 3) ตระหนักเห็นความสำคัญของอาชีพ การเลือกอาชีพ การสร้างอาชีพ 4) ทักษะการใช้ทรัพยากร พลังงาน อย่างประหยัดและคุ้มค่า 5) ทักษะการพัฒนาความสามารถของตนเอง ความสนใจความถนัด ให้ดีขึ้นตามช่วงวัย 6) ทักษะสร้างผลงานอย่างมีความคิดสร้างสรรค์ (นวัตกร) 7) ทักษะการใช้เทคโนโลยีเพื่อการเรียนรู้และการปฏิบัติงาน 8) ทักษะการเป็นผู้บริโภคที่ดีและการเป็นผู้ประกอบการ 9) ฝึกฝน ความขยัน อดทน รับผิดชอบ ซื่อสัตย์ การทำงานร่วมกันอย่างมีความสุข 10) ทักษะการแปรรูปผลผลิตเพื่อการจัดจำหน่าย 11) ทักษะการทำงานเพื่อการเรียนรู้ประกอบอาชีพและการมีรายได้ 12) ทักษะการจัดการทางการเงิน การออม การลงทุน ผลประโยชน์,"ครูออกแบบจัดกิจกรรมเชิงปฏิบัติผ่านการดำเนินชีวิตประจำวันในปัจจุบันและโลกของอาชีพ (งานบ้าน งานช่าง งานเกษตร งานประดิษฐ์ งานคหกรรม งานธุรกิจ งานอาชีพ และการบูรณาการ) โดยเริ่มใช้ในปีการศึกษา 2567 ภาคเรียนที่ 2 และ ปีการศึกษา 2568 2569 ได้นิเทศ ติดตาม ดำเนินการใช้เป้าหมายที่ทำให้เกิดสมรรถนะจากการใช้ทักษะชีวิต ทักษะอาชีพ ในการเรียนรู้การงานอาชีพในชั่วโมงเรียนทุกโรงเรียน และผลปรากฏชัดในการนำทักษะชีวิต ทักษะอาชีพไปต่อยอดในการเรียนรู้ กิจกรรมชุมนุม กิจกรรมแนะแนวด้านอาชีพ กิจกรรมเสริมหลักสูตรต่างๆ และเกิดชิ้นงาน ผลงาน ปรากฏในกิจกรรมอาชีพในโรงเรียน กิจกรรมสหกรณ์โรงเรียน กิจกรรมบริษัทสร้างการดี ที่ทุกโรงเรียนได้ขับเคลื่อนกิจกรรม มีการบริหารจัดการ มีผลงาน มีผลิตภัณฑ์ มีการจัดจำหน่ายทุกโรงเรียน
จากการนิเทศ ติดตาม และการรายงานผลของโรงเรียน ทุกโรงเรียนได้จัดกิจกรรมในกลุ่มสาระการเรียนรู้การงานอาชีพ โดยได้นำเป้าหมายสมรรถนะทักษะอาชีพ ออกแบบกิจกรรมเพื่อให้นักเรียนเกิดสมรรถนะในการเรียนรู้ บูรณาการกิจกรรมเสริมหลักสูตรต่างๆ หน่วยการจัดกิจกรรมนั้นจะมุ่งให้นักเรียนได้ปฏิบัติสร้างผลงาน เกิดชิ้นงาน เกิดการแปรรูปและนำผลผลิตตามความพร้อมของโรงเรียน ซึ่งจะมีในลักษณะของผลงานนักเรียน จะอยู่ในรูปการนำผลผลิต เช่น การเกษตร งานคหกรรม งานประดิษฐ์ ภายในโรงเรียนนำไปจัดจำหน่ายภายในโรงเรียนและชุมชน การนำผลผลิตทางการเกษตรไปแปรรูปเป็นอาหารเพื่อการจัดจำหน่าย การสร้างผลงานการประดิษฐ์นำไปจัดจำหน่ายในโรงเรียนในชุมชน และการสร้างรายได้ระหว่างเรียน จากการแสดงดนตรี นาฏศิลป์ ในงานต่างๆ มีบางโรงเรียนที่ได้รับการสนับสนุนจากเครือข่ายภายนอกและมีเวทีในการจัดจำหน่ายในสถานที่ต่างๆ ตามที่ได้รับการสนับสนุน โดยแต่ละโรงเรียนมีการพัฒนาต่อยอดจากกิจกรรมทักษะอาชีพและการจัดจำหน่ายทุกปีการศึกษา โดยในปีนี้มีโรงเรียนที่พัฒนาการมีรายได้ระหว่างเรียนที่โดดเด่น ได้แก่ โรงเรียนบ้านสันป่าสัก ต่อยอดผลิตภัณฑ์ ยาดมสมุนไพร Thamthai มีจัดจำหน่ายใน Shopee https://th.shp.ee/3xQSPnrR โดยจะมีการจัดอบรมการจัดจำหน่ายสินค้า Online ขยายผลในปีงบประมาณ 2570 ต่อไป และในปีงบประมาณ 2569 มีโรงเรียนประสงค์เข้าร่วมจัดบูธจำหน่ายสินค้าและอาหาร ในงาน “มหกรรม นวัตกรรมวิชาการ” ในวันที่ 5 กันยายน 2569 ณ มหาวิทยาลัย นอร์ทเชียงใหม่ จำนวน 37 โรงเรียน จากจำนวน 84 โรงเรียน คิดเป็นร้อยละ 44",โดยในปีนี้มีโรงเรียนที่พัฒนาการมีรายได้ระหว่างเรียนที่โดดเด่น ได้แก่ โรงเรียนบ้านสันป่าสัก ต่อยอดผลิตภัณฑ์ ยาดมสมุนไพร Thamthai มีจัดจำหน่ายใน Shopee https://th.shp.ee/3xQSPnrR โดยจะมีการจัดอบรมการจัดจำหน่ายสินค้า Online ขยายผลในปีงบประมาณ 2570 ต่อไป